metric,group,n,mean,sd,sem,median,q25,q75,min,max
NetworkFrequency,ctrl,4,1.2505210504376825,2.501042100875365,1.2505210504376825,0.0,0.0,1.2505210504376825,0.0,5.00208420175073
NetworkFrequency,ttx,7,1.3434168998987666,1.6284142982543186,0.615482752080384,0.400166736140058,0.200083368070029,2.100875364735305,0.0,4.40183409754064
NetworkFrequency,bloq,5,2.40100041684035,1.6680282118082268,0.7459648939981225,2.40100041684035,1.80075031263026,3.4014172571905,0.0,4.40183409754064
SilentCells,ctrl,4,21.73295454545455,20.759381488036688,10.379690744018344,18.4659090909091,13.636363636363651,26.5625,0.0,50.0
SilentCells,ttx,7,8.452380952380953,14.722970930348025,5.564759948819162,0.0,0.0,9.583333333333336,0.0,40.0
SilentCells,bloq,5,4.1025641025641,9.173612215383748,4.1025641025641,0.0,0.0,0.0,0.0,20.5128205128205
MeanFrequency,ctrl,4,4.373296565876809,5.385726877897952,2.692863438948976,2.518998300573955,1.5275595600731047,5.36473530637766,0.200083368070029,12.2551062942893
MeanFrequency,ttx,7,2.9726287924346657,2.2565973821405176,0.8529136403347425,2.53951967165806,1.62845630123663,3.54862144941345,0.571666765914369,7.34305960817007
MeanFrequency,bloq,5,5.23923370528811,1.766090504163712,0.7898196843453871,5.84688064471307,3.87258131748444,6.37408443994522,2.944083844459,7.15853827983882
MeanInterSpikeInterval,ctrl,3,13.62454182498958,9.171377365246586,5.295097190664758,12.8672480620155,8.86126925922352,18.0091675092686,4.85529045643154,23.1510869565217
MeanInterSpikeInterval,ttx,7,28.15657716967787,29.986060918189438,11.333665712566054,16.1200980392157,14.6088993163055,24.71241855821775,7.6890756302521,94.6442307692308
MeanInterSpikeInterval,bloq,5,11.250933107247723,5.770629290089897,2.5807038731184724,9.32233796296296,8.46177504393673,10.1879921259843,6.93490415335463,21.34765625
MeanSynchronicity,ctrl,3,44.588279894257134,11.408849869428071,6.586902543258324,43.1372549019608,38.555806938159904,49.8952403542062,33.974358974359,56.6532258064516
MeanSynchronicity,ttx,7,54.33920576777718,13.39361129128013,5.062309233399129,56.5384615384615,41.203703703703695,65.0,40.0,71.4285714285714
MeanSynchronicity,bloq,5,59.77730136467868,22.137459428257504,9.90017282614548,65.0793650793651,55.952380952381,74.8571428571429,23.632538569425,79.3650793650794
MeanIsolated,ctrl,4,86.80323500690737,9.824786916677676,4.912393458338838,85.37818662818665,82.04683400050635,90.13458763458767,76.4565667712562,100.0
MeanIsolated,ttx,7,37.21155617902996,17.776538022457476,6.71889982558663,38.388938454541,23.02605657647675,46.10184359544975,17.143032761694,66.6931216931217
MeanIsolated,bloq,5,53.11456400968624,12.522850610364628,5.600389047370008,53.0980180882075,45.448063840921,61.0772152996716,37.0834312903278,68.8660915293033
MeanTimeToRise,ctrl,4,0.746245433465505,0.4793383032544147,0.23966915162720734,0.555671139039855,0.5161906610470275,0.7857259114583325,0.41530612244898,1.45833333333333
MeanTimeToRise,ttx,7,0.7361911649298758,0.13928009217492535,0.05264292663957225,0.706967213114754,0.6702651515151515,0.826506831443617,0.515326975476839,0.9375
MeanTimeToRise,bloq,5,0.5716062615976818,0.11296736846026631,0.050520543023284244,0.636875,0.484223300970874,0.637357414448669,0.419642857142857,0.679932735426009
MeanDuration25,ctrl,4,2.0361619851745028,0.9954953799967448,0.4977476899983724,2.01299426020408,1.18261978704525,2.8665364583333326,1.16032608695652,2.95833333333333
MeanDuration25,ttx,7,2.8417094558304226,0.6608188424813878,0.24976604555304527,2.74890350877193,2.50922165820643,3.136987704918035,1.92132152588556,3.92932242990654
MeanDuration25,bloq,5,1.51650945184694,0.3716501817798754,0.16620701406199104,1.5752427184466,1.22956273764259,1.83800448430493,1.04619565217391,1.89354166666667
MeanDuration50,ctrl,4,0.9244745596948017,0.5232920154036059,0.26164600770180296,0.7814672353316325,0.5313812481514342,1.174560546875,0.509963768115942,1.625
MeanDuration50,ttx,7,1.403144774048697,0.34364821405509166,0.12988681612589484,1.39593908629442,1.20442109259838,1.45376794258373,1.025,2.08469626168224
MeanDuration50,bloq,5,0.7914448421705106,0.18271054836785583,0.08171064127135777,0.896844660194175,0.636406844106464,0.915416666666667,0.553959627329193,0.954596412556054
MeanDuration75,ctrl,4,0.39779844512533274,0.20767314328257985,0.10383657164128993,0.382553411989796,0.23298857586512875,0.54736328125,0.201086956521739,0.625
MeanDuration75,ttx,7,0.6568384416661922,0.15855069039769643,0.05992652814141447,0.643181818181818,0.5308327656675751,0.7397447457476181,0.491803278688525,0.921728971962617
MeanDuration75,bloq,5,0.3979900519932216,0.10300149633926141,0.04606366951975685,0.399791666666667,0.326045627376426,0.486547085201794,0.267857142857143,0.509708737864078
MeanDuration90,ctrl,4,0.24684933671158701,0.12083068041836012,0.06041534020918006,0.2215986394557825,0.15033274179236925,0.3181152343750003,0.146739130434783,0.3974609375
MeanDuration90,ttx,7,0.32327860730837343,0.07899010599631376,0.029855453785839727,0.2875,0.2773780034679215,0.388859854074438,0.217213114754098,0.425761421319797
MeanDuration90,bloq,5,0.2100736264299866,0.03886632918991354,0.017381550820906203,0.207708333333333,0.190589353612167,0.246359223300971,0.156832298136646,0.248878923766816
MeanProminence,ctrl,4,0.3177853127135925,0.05612020499391923,0.028060102496959616,0.320598646730824,0.275539409261354,0.3628445501830625,0.25886434358024,0.371079613812482
MeanProminence,ttx,7,0.6994420770088111,0.33576302926848134,0.1269064964134433,0.624944208382323,0.46715406704087703,0.8487347072233805,0.33891265901169,1.30046012313915
MeanProminence,bloq,5,1.0201545822950655,0.4378575944799816,0.19581586914435511,0.888779699228394,0.851687316270281,1.21174314410711,0.491756305248582,1.65680644662096
