metric,test,statistic,df1,df2,p,effect_name,effect,omega2,chosen,q_bh,sig_bh
NetworkFrequency,Kruskal-Wallis,1.5249111308598176,2,,0.46651945031351394,epsilon^2,0.0,,kruskal,0.47865485517262785,False
SilentCells,Kruskal-Wallis,2.796428571428582,2,,0.24703770906824424,epsilon^2,0.06126373626373707,,kruskal,0.3293836120909923,False
MeanFrequency,one-way ANOVA,0.7801557261006566,2,13.0,0.47865485517262785,eta^2,0.10716195579493712,-0.02825705315406677,anova,0.47865485517262785,False
MeanInterSpikeInterval,Kruskal-Wallis,3.1971428571428575,2,,0.20218514770678397,epsilon^2,0.09976190476190479,,kruskal,0.30327772156017596,False
MeanSynchronicity,one-way ANOVA,0.7876840404610097,2,12.0,0.4770652611201213,eta^2,0.11604606751959406,-0.02913352971399675,anova,0.47865485517262785,False
MeanIsolated,one-way ANOVA,14.501843854707998,2,13.0,0.0004889489908006172,eta^2,0.6905033650870185,0.627938884959936,anova,0.005867387889607407,True
MeanTimeToRise,Kruskal-Wallis,3.9327731092436977,2,,0.1399616874884106,epsilon^2,0.14867485455720753,,kruskal,0.23993432140870385,False
MeanDuration25,one-way ANOVA,5.621193740500175,2,13.0,0.01741372831638895,eta^2,0.4637491868245824,0.3661455354790423,anova,0.06403001203920573,False
MeanDuration50,one-way ANOVA,4.851171588453385,2,13.0,0.026679171683002392,eta^2,0.42737188409591864,0.3249612546497586,anova,0.06403001203920573,False
MeanDuration75,one-way ANOVA,5.318350152583673,2,13.0,0.02052661200382995,eta^2,0.4500078339125022,0.35056238044004046,anova,0.06403001203920573,False
MeanDuration90,one-way ANOVA,2.9749774389499857,2,13.0,0.08633335506963233,eta^2,0.31398253538001814,0.19799317352219328,anova,0.17266671013926466,False
MeanProminence,one-way ANOVA,4.906321598995513,2,13.0,0.025851773275401047,eta^2,0.43014056340718865,0.32808803008689735,anova,0.06403001203920573,False
