metric,group_a,group_b,p_adj,method,mean_diff,ci_low,ci_high,reject
NetworkFrequency,bloq,ctrl,0.5839004647352856,Dunn (BH),,,,
NetworkFrequency,bloq,ttx,0.5839004647352856,Dunn (BH),,,,
NetworkFrequency,ctrl,ttx,0.5839004647352856,Dunn (BH),,,,
SilentCells,bloq,ctrl,0.2942964943689919,Dunn (BH),,,,
SilentCells,bloq,ttx,0.6352562959972483,Dunn (BH),,,,
SilentCells,ctrl,ttx,0.2942964943689919,Dunn (BH),,,,
MeanFrequency,bloq,ctrl,0.9129,Tukey HSD,-0.8659,-6.4682,4.7363,False
MeanFrequency,bloq,ttx,0.4607,Tukey HSD,-2.2666,-7.1566,2.6234,False
MeanFrequency,ctrl,ttx,0.764,Tukey HSD,-1.4007,-6.6351,3.8338,False
MeanInterSpikeInterval,bloq,ctrl,0.668170161106407,Dunn (BH),,,,
MeanInterSpikeInterval,bloq,ttx,0.24831157840400833,Dunn (BH),,,,
MeanInterSpikeInterval,ctrl,ttx,0.46273034999041335,Dunn (BH),,,,
MeanSynchronicity,bloq,ctrl,0.4457,Tukey HSD,-15.189,-47.4834,17.1054,False
MeanSynchronicity,bloq,ttx,0.8432,Tukey HSD,-5.4381,-31.3312,20.455,False
MeanSynchronicity,ctrl,ttx,0.6789,Tukey HSD,9.7509,-20.7644,40.2662,False
MeanIsolated,bloq,ctrl,0.012,Tukey HSD,33.6887,7.6339,59.7435,True
MeanIsolated,bloq,ttx,0.1936,Tukey HSD,-15.903,-38.6455,6.8395,False
MeanIsolated,ctrl,ttx,0.0003,Tukey HSD,-49.5917,-73.936,-25.2473,True
MeanTimeToRise,bloq,ctrl,0.7541954619218816,Dunn (BH),,,,
MeanTimeToRise,bloq,ttx,0.19519112063645971,Dunn (BH),,,,
MeanTimeToRise,ctrl,ttx,0.24756057274435855,Dunn (BH),,,,
MeanDuration25,bloq,ctrl,0.5153,Tukey HSD,0.5197,-0.6982,1.7375,False
MeanDuration25,bloq,ttx,0.015,Tukey HSD,1.3252,0.2622,2.3882,True
MeanDuration25,ctrl,ttx,0.1868,Tukey HSD,0.8055,-0.3324,1.9434,False
MeanDuration50,bloq,ctrl,0.8461,Tukey HSD,0.133,-0.5006,0.7667,False
MeanDuration50,bloq,ttx,0.03,Tukey HSD,0.6117,0.0586,1.1648,True
MeanDuration50,ctrl,ttx,0.1212,Tukey HSD,0.4787,-0.1134,1.0707,False
MeanDuration75,bloq,ctrl,1.0,Tukey HSD,-0.0002,-0.2792,0.2789,False
MeanDuration75,bloq,ttx,0.037,Tukey HSD,0.2588,0.0153,0.5024,True
MeanDuration75,ctrl,ttx,0.0516,Tukey HSD,0.259,-0.0017,0.5198,False
MeanDuration90,bloq,ctrl,0.7851,Tukey HSD,0.0368,-0.1084,0.1819,False
MeanDuration90,bloq,ttx,0.0824,Tukey HSD,0.1132,-0.0135,0.2399,False
MeanDuration90,ctrl,ttx,0.3281,Tukey HSD,0.0764,-0.0592,0.212,False
MeanProminence,bloq,ctrl,0.0202,Tukey HSD,-0.7024,-1.2945,-0.1103,True
MeanProminence,bloq,ttx,0.2652,Tukey HSD,-0.3207,-0.8376,0.1961,False
MeanProminence,ctrl,ttx,0.2013,Tukey HSD,0.3817,-0.1716,0.9349,False
