CellID,CoverslipID,ExperimentID,Fs,KeepFOV,NetworkFrequency,SilentCells,MeanFrequency,MeanInterSpikeInterval,MeanSynchronicity,MeanIsolated,MeanTimeToRise,MeanDuration25,MeanDuration50,MeanDuration75,MeanDuration90,MeanProminence
260910_bloq_bloqcs01fov1_vid,bloqcs01fov1,260910_bloqcs01fov1,8,1,4.40183409754064,0,6.37408443994522,9.32233796296296,74.8571428571429,37.0834312903278,0.679932735426009,1.83800448430493,0.954596412556054,0.486547085201794,0.248878923766816,0.888779699228394
260910_bloq_bloqcs02fov1_vid,bloqcs02fov1,260910_bloqcs02fov1,8,1,3.4014172571905,0,7.15853827983882,6.93490415335463,65.0793650793651,61.0772152996716,0.419642857142857,1.04619565217391,0.553959627329193,0.267857142857143,0.156832298136646,0.851687316270281
260910_bloq_bloqcs04fov1_vid,bloqcs04fov1,260910_bloqcs04fov1,8,1,1.80075031263026,0,2.944083844459,21.34765625,79.3650793650794,45.448063840921,0.484223300970874,1.5752427184466,0.896844660194175,0.509708737864078,0.246359223300971,1.65680644662096
260910_ctrl_ctrlcs01fov1_vid,ctrlcs01fov1,260910_ctrlcs01fov1,8,1,0,50,0.200083368070029,NaN,NaN,100,1.45833333333333,2.95833333333333,1.625,0.625,0.291666666666667,0.281097764488392
260910_ctrl_ctrlcs02fov1_vid,ctrlcs02fov1,260910_ctrlcs02fov1,8,1,0,18.75,1.97005162407413,23.1510869565217,33.974358974359,83.9102564102564,0.5615234375,2.8359375,1.0244140625,0.521484375,0.3974609375,0.25886434358024
260910_ctrl_ctrlcs03fov1_vid,ctrlcs03fov1,260910_ctrlcs03fov1,8,1,5.00208420175073,0,12.2551062942893,4.85529045643154,56.6532258064516,76.4565667712562,0.41530612244898,1.19005102040816,0.538520408163265,0.243622448979592,0.151530612244898,0.371079613812482
260910_ttx_ttxcs01fov1_vid,ttxcs01fov1,260910_ttxcs01fov1,8,1,0,0,1.35612060580798,27.4951923076923,40.7407407407407,66.6931216931217,0.706967213114754,3.43647540983607,1.29508196721311,0.491803278688525,0.217213114754098,0.33891265901169
260910_ttx_ttxcs02fov1_vid,ttxcs02fov1,260910_ttxcs02fov1,8,1,2.00083368070029,0,4.28178407669863,13.1446078431373,56.5384615384615,17.143032761694,0.822429906542056,3.92932242990654,2.08469626168224,0.921728971962617,0.36214953271028,0.624944208382323
260910_ttx_ttxcs03fov1_vid,ttxcs03fov1,260910_ttxcs03fov1,8,1,2.20091704877032,6.66666666666667,2.81545882212827,21.9296448087432,65.7142857142857,17.4806845815249,0.830583756345178,2.45177664974619,1.39593908629442,0.800761421319797,0.425761421319797,1.30046012313915
260910_ttx_ttxcs04fov1_vid,ttxcs04fov1,260910_ttxcs04fov1,8,1,0,0,2.53951967165806,16.0731907894737,40,46.6950291822415,0.69469696969697,2.56666666666667,1.46893939393939,0.643181818181818,0.286363636363636,0.563372094743228
260911_bloq_bloqcs02fov1_vid,bloqcs02fov1,260911_bloqcs02fov1,8,1,0,20.5128205128205,3.87258131748444,8.46177504393673,23.632538569425,68.8660915293033,0.636875,1.89354166666667,0.915416666666667,0.399791666666667,0.207708333333333,0.491756305248582
260911_bloq_bloqcs03fov1_vid,bloqcs03fov1,260911_bloqcs03fov1,8,1,2.40100041684035,0,5.84688064471307,10.1879921259843,55.952380952381,53.0980180882075,0.637357414448669,1.22956273764259,0.636406844106464,0.326045627376426,0.190589353612167,1.21174314410711
260911_ctrl_ctrlcs03fov1_vid,ctrlcs03fov1,260911_ctrlcs03fov1,8,1,0,18.1818181818182,3.06794497707378,12.8672480620155,43.1372549019608,86.8461168461169,0.54981884057971,1.16032608695652,0.509963768115942,0.201086956521739,0.146739130434783,0.360099528973256
260911_ttx_ttxcs01fov1_vid,ttxcs01fov1,260911_ttxcs01fov1,8,1,0.400166736140058,40,1.90079199666528,16.1200980392157,41.6666666666667,45.508658008658,0.645833333333333,2.74890350877193,1.43859649122807,0.678728070175439,0.415570175438596,0.370936039338526
260911_ttx_ttxcs02fov1_vid,ttxcs02fov1,260911_ttxcs02fov1,8,1,4.40183409754064,0,7.34305960817007,7.6890756302521,64.2857142857143,38.388938454541,0.515326975476839,1.92132152588556,1.11376021798365,0.54291553133515,0.268392370572207,0.914533452512955
260911_ttx_ttxcs03fov1_vid,ttxcs03fov1,260911_ttxcs03fov1,8,1,0.400166736140058,12.5,0.571666765914369,94.6442307692308,71.4285714285714,28.5714285714286,0.9375,2.8375,1.025,0.51875,0.2875,0.782935961933806
